section,name,tier,inputs,outputs,cycle_time_s,energy_ne_s,output_per_hour,town_hall_gate,research_time_s,research_cost,target_stage1_per_h,target_stage2_per_h,target_stage3_per_h,target_stage4_per_h,notes
recipe,Grave_Drill,1,Grave_Node,Grave_Mix x3,10,1.3,1080,,,,,,,,""
recipe,Crypt_Dismantler,1,Crypt_Node,Crypt_Mix x3,10,1.0,1080,,,,,,,,""
recipe,Bonfire_Sieve,1,Bonfire_Node,Bonfire_Mix x3,8,0.8,1350,,,,,,,,""
recipe,Shed_Dismantler,1,Shed_Node,Junk_Mix x3,9,0.9,1200,,,,,,,,""
recipe,Quarry_Drill,1,Quarry_Node,Grave_Stone x2;Chalk x1,10,1.0,,,,,,,,"Stone 720/h;Chalk 360/h"
recipe,Sort_Grave_Mix,1,Grave_Mix x6,Bone x12;Flesh x12;Cloth x6;Metal x3;Ash x3,6,0.8,,,,,,,,"Bone 7200/h;Flesh 7200/h;Cloth 3600/h;Metal 1800/h;Ash 1800/h"
recipe,Sort_Crypt_Mix,2,Crypt_Mix x6,Hardware x6;Wax x6;Crypt_Dust x3,6,0.8,,,,,,,,"Hardware 3600/h;Wax 3600/h;Crypt_Dust 1800/h"
recipe,Sort_Bonfire_Mix,2,Bonfire_Mix x6,Char_Bone x6;Coal_Crumb x6;Ash x9,6,0.8,,,,,,,,"Char_Bone 3600/h;Coal_Crumb 3600/h;Ash 5400/h"
recipe,Sort_Junk_Mix,2,Junk_Mix x6,Rag x9;Utensil x3;Parchment x3,6,0.8,,,,,,,,"Rag 5400/h;Utensil 1800/h;Parchment 1800/h"
recipe,Bone_Crusher,1,Bone x12,Bone_Powder x9,4,0.7,8100,,,,,,,,""
recipe,Corpse_Vat,1,Flesh x12,Tallow x6,6,1.0,3600,,,,,,,,""
recipe,Impregnation_Cauldron,2,Cloth x6;Tallow x3,Impregnated_Cloth x6,5,0.8,4320,,,,,,,,""
recipe,Sarcophagus_Tallow,1,Tallow x3,Energy_NE x90,3,0.5,108000,,,,,,,,"NE per hour from tallow"
recipe,Sarcophagus_Wax,2,Wax x1,Energy_NE x20,3,0.5,24000,,,,,,,,"NE per hour from wax"
recipe,Sarcophagus_Coal,2,Coal_Crumb x2,Energy_NE x20,3,0.5,24000,,,,,,,,"NE per hour from coal"
recipe,Ritual_Press,2,Bone_Powder x9;Metal x3,Ritual_Gear x3,8,1.5,1350,,,,,,,,""
recipe,Necro_Stabilizer,2,Bone_Powder x9;Ash x3,Stabilizer x3,6,1.2,1800,,,,,,,,""
recipe,Alchemy_Lab,3,Ash x6;Cursed_Artifact x1,Necro_Essence x3,12,2.0,900,,,,,,,,""
recipe,Conveyor_Workshop,2,Impregnated_Cloth x6;Wood x6,Conveyor x3,6,1.2,1800,,,,,,,,""
recipe,Stonecutter,1,Grave_Stone x2,Stone_Block x1,6,0.8,600,,,,,,,,""
recipe,Carrier_Workshop,2,Bone_Powder x2;Impregnated_Cloth x1,Carrier x1,12,1.0,300,,,,,,,,""
recipe,Purification_Circle,3,Stabilizer x3;Ash x2;Crypt_Dust x1;Wax x1,Pure_Stabilizer x1,12,2.0,300,,,,,,,,""
recipe,Purification_Circle_Alt,4,Stabilizer x3;Necro_Essence x1;Crypt_Dust x1,Pure_Stabilizer x2,16,2.5,450,,,,,,,,""
recipe,Ritual_Assembly,3,Ritual_Gear x6;Necro_Essence x3;Stabilizer x3,Component x3,10,2.5,1080,,,,,,,,""
recipe,Necro_Machine,4,Component x30;Stabilizer x30;Necro_Essence x15,Final x1,60,4.0,60,,,,,,,,""
recipe,Ruins_Excavator,3,Ruins_Node,Cursed_Artifact x1,20,1.5,180,,,,,,,,""
upgrade,TownHall_I_Upgrade,1,Bone_Powder x120;Bone x300;Cloth x120;Metal x160;Wood x120;Stone_Block x250,TownHall_Level_I,480,2.0,,,,,,,,"Requires TownHall_Ruins"
upgrade,TownHall_II_Upgrade,2,Bone_Powder x900;Impregnated_Cloth x450;Tallow x360;Stone_Block x600;Hardware x300;Metal x200;Wax x150,TownHall_Level_II,840,3.0,,,,,,,,"Requires TownHall_I"
upgrade,TownHall_III_Upgrade,3,Ritual_Gear x750;Stabilizer x600;Parchment x240;Utensil x180;Stone_Block x900;Wax x240;Impregnated_Cloth x700,TownHall_Level_III,1200,4.5,,,,,,,,"Requires TownHall_II"
upgrade,TownHall_IV_Upgrade,4,Necro_Essence x180;Pure_Stabilizer x120;Cursed_Artifact x60;Ritual_Gear x900;Stone_Block x1300;Stabilizer x800,TownHall_Level_IV,1800,6.0,,,,,,,,"Requires TownHall_III"
research,Research_Basics,0,,,,,0,300,"Bone x600;Cloth x200;Ash x120;Wood x300;Stone_Block x60",,,,,,"Unlocks: Grave_Drill;Sort_Table;Bone_Crusher;Corpse_Vat;Sarcophagus"
research,Research_Stonework,0,,,,,0,240,"Grave_Stone x600;Wood x200;Metal x100",,,,,,"Unlocks: Quarry_Drill;Stonecutter"
research,Research_Basic_Storage,0,,,,,0,180,"Wood x300;Bone x300;Metal x80",,,,,,"Unlocks: Storage_Crate"
research,Research_Conveyors_I,1,,,,,1,360,"Bone_Powder x1200;Cloth x600;Tallow x400;Wood x600",,,,,,"Unlocks: Conveyor_Workshop;Conveyor"
research,Research_Defense_I,1,,,,,1,360,"Bone x1200;Wood x600;Bone_Powder x400;Metal x200",,,,,,"Unlocks: Palisade;Bone_Spikes;Bell;Bone_Ballista"
research,Research_Crypt_Survey,1,,,,,1,240,"Bone x900;Ash x360;Metal x200",,,,,,"Unlocks: Crypt_Dismantler"
research,Research_Bonfire_Survey,1,,,,,1,240,"Bone x900;Ash x240;Wood x240",,,,,,"Unlocks: Bonfire_Sieve"
research,Research_Junk_Survey,1,,,,,1,240,"Cloth x900;Bone x600;Metal x200",,,,,,"Unlocks: Shed_Dismantler"
research,Research_Impregnation,2,,,,,2,480,"Tallow x1200;Cloth x1200;Bone_Powder x1200;Metal x300",,,,,,"Unlocks: Impregnation_Cauldron"
research,Research_Ritual_Press,2,,,,,2,480,"Bone_Powder x1800;Metal x600;Ash x600",,,,,,"Unlocks: Ritual_Press"
research,Research_Stabilization,2,,,,,2,480,"Bone_Powder x1800;Ash x900;Cloth x600",,,,,,"Unlocks: Necro_Stabilizer"
research,Research_Storage_Priorities,2,,,,,2,420,"Bone_Powder x1500;Wood x800;Metal x400;Wax x400",,,,,,"Unlocks: Storage_Modes_Priority"
research,Research_Defense_II,2,,,,,2,480,"Stone_Block x800;Ash x800;Tallow x600;Metal x400",,,,,,"Unlocks: Ash_Cannon;Tar_Trap;Stone_Wall"
research,Research_Carriers,2,,,,,2,600,"Bone_Powder x2000;Impregnated_Cloth x800;Tallow x800;Metal x300",,,,,,"Unlocks: Carrier_Workshop;Carriers"
research,Research_Alchemy,3,,,,,3,720,"Stabilizer x900;Ritual_Gear x600;Parchment x400;Utensil x200",,,,,,"Unlocks: Alchemy_Lab"
research,Research_Purification,3,,,,,3,720,"Stabilizer x1200;Wax x600;Crypt_Dust x400;Ash x800",,,,,,"Unlocks: Purification_Circle"
research,Research_Logistics_Dispatcher,3,,,,,3,720,"Ritual_Gear x900;Stabilizer x600;Metal x600;Wax x300",,,,,,"Unlocks: Logistics_Dispatcher"
research,Research_Defense_III,3,,,,,3,720,"Ritual_Gear x900;Stabilizer x600;Stone_Block x900;Wax x300",,,,,,"Unlocks: Ritual_Turret;Ward_Dome"
research,Research_Necro_Machine,4,,,,,4,1200,"Necro_Essence x500;Pure_Stabilizer x250;Ritual_Gear x1200;Stone_Block x1500",,,,,,"Unlocks: Necro_Machine"
research,Research_Defense_IV,4,,,,,4,1200,"Necro_Essence x400;Pure_Stabilizer x200;Ritual_Gear x900;Stone_Block x1200;Metal x800",,,,,,"Unlocks: Heavy_Turrets;Reinforced_Gates"
research,Research_MkIII,4,,,,,4,1200,"Necro_Essence x400;Pure_Stabilizer x200;Stabilizer x900;Ritual_Gear x900",,,,,,"Unlocks: MkIII_Upgrades"
target_output,Grave_Mix,1,,,,,,,,3600,7200,10800,14400,"1 grave line per stage"
target_output,Bone,1,,,,,,,,7200,14400,21600,28800,""
target_output,Flesh,1,,,,,,,,7200,14400,21600,28800,""
target_output,Cloth,1,,,,,,,,3600,7200,10800,14400,""
target_output,Metal,1,,,,,,,,1800,3600,5400,7200,""
target_output,Ash,2,,,,,,,,1800,9000,16200,23400,"Includes bonfire ash from stage2+"
target_output,Bone_Powder,1,,,,,,,,8100,16200,24300,32400,""
target_output,Tallow,1,,,,,,,,3600,7200,10800,14400,""
target_output,Impregnated_Cloth,2,,,,,,,,,4320,8640,12960,""
target_output,Energy_NE,1,,,,,,,,108000,216000,324000,432000,"NE per hour from tallow"
target_output,Grave_Stone,1,,,,,,,,1440,2880,4320,5760,""
target_output,Chalk,1,,,,,,,,720,1440,2160,2880,""
target_output,Stone_Block,1,,,,,,,,600,1200,1800,2400,""
target_output,Hardware,2,,,,,,,,,3600,7200,10800,""
target_output,Wax,2,,,,,,,,,3600,7200,10800,""
target_output,Crypt_Dust,2,,,,,,,,,1800,3600,5400,""
target_output,Char_Bone,2,,,,,,,,,3600,7200,10800,""
target_output,Coal_Crumb,2,,,,,,,,,3600,7200,10800,""
target_output,Rag,2,,,,,,,,,5400,10800,16200,""
target_output,Utensil,2,,,,,,,,,1800,3600,5400,""
target_output,Parchment,2,,,,,,,,,1800,3600,5400,""
target_output,Ritual_Gear,2,,,,,,,,,1350,2700,4050,""
target_output,Stabilizer,2,,,,,,,,,1800,3600,5400,""
target_output,Necro_Essence,3,,,,,,,,,,900,1800,""
target_output,Pure_Stabilizer,4,,,,,,,,,,300,600,""
target_output,Conveyor,2,,,,,,,,,1800,3600,5400,""
target_output,Component,3,,,,,,,,,,1080,2160,""
target_output,Cursed_Artifact,3,,,,,,,,,,180,360,""
